{"name":"t:sections.footer.name","type":"footer","sections":{"footer":{"type":"footer","blocks":{"social_kWKBwi":{"type":"social","settings":{"image":"shopify:\/\/shop_images\/footer_logo.png","social_facebook":"http:\/\/facebook.com","social_instagram":"#","social_tiktok":"#","social_linkedin":"#"}},"link_list_QcQxJh":{"type":"link_list","settings":{"heading":"Shop","menu":"main-menu-1"}},"link_list_PCdJkN":{"type":"link_list","settings":{"heading":"Learn","menu":"learn"}},"link_list_K8yRMr":{"type":"link_list","settings":{"heading":"Support","menu":"support"}}},"block_order":["social_kWKBwi","link_list_QcQxJh","link_list_PCdJkN","link_list_K8yRMr"],"settings":{"main-sec-heading":"Stay Tuned","sub-sec-heading":"Exclusive discounts, tasty surprises and pet parent tips. Just one email away."}}},"order":["footer"]}